{
    "code": 200,
    "message": "OK",
    "data": {
      "playerId": "1ntrovertskrrt",
      "inventory": [
        {
          "lastUpdatedAt": 1661880236448,
          "objectId": "Dwight",
          "quantity": 1
        },
        {
          "lastUpdatedAt": 1661880236448,
          "objectId": "Meg",
          "quantity": 1
        },
        {
          "lastUpdatedAt": 1661880236448,
          "objectId": "Claudette",
          "quantity": 1
        },
        {
          "lastUpdatedAt": 1661880236448,
          "objectId": "Jake",
          "quantity": 1
        },
        {
          "lastUpdatedAt": 1661880236448,
          "objectId": "Nea",
          "quantity": 1
        },
        {
          "lastUpdatedAt": 1661880236448,
          "objectId": "Laurie",
          "quantity": 1
        },
        {
          "lastUpdatedAt": 1661880236448,
          "objectId": "Ace",
          "quantity": 1
        },
        {
          "lastUpdatedAt": 1661880236448,
          "objectId": "Chuckles",
          "quantity": 1
        },
        {
          "lastUpdatedAt": 1661880236448,
          "objectId": "Bob",
          "quantity": 1
        },
        {
          "lastUpdatedAt": 1661880236448,
          "objectId": "HillBilly",
          "quantity": 1
        },
        {
          "lastUpdatedAt": 1661880236448,
          "objectId": "Nurse",
          "quantity": 1
        },
        {
          "lastUpdatedAt": 1661880236448,
          "objectId": "Shape",
          "quantity": 1
        },
        {
          "lastUpdatedAt": 1661880236448,
          "objectId": "Witch",
          "quantity": 1
        },
        {
          "lastUpdatedAt": 1661880236448,
          "objectId": "Bill",
          "quantity": 1
        },
        {
          "lastUpdatedAt": 1661880236448,
          "objectId": "Feng",
          "quantity": 1
        },
        {
          "lastUpdatedAt": 1661880236448,
          "objectId": "Killer07",
          "quantity": 1
        },
        {
          "lastUpdatedAt": 1661880236448,
          "objectId": "Smoke",
          "quantity": 1
        },
        {
          "lastUpdatedAt": 1661880236448,
          "objectId": "Bear",
          "quantity": 1
        },
        {
          "lastUpdatedAt": 1661880236448,
          "objectId": "Kate",
          "quantity": 1
        },
        {
          "lastUpdatedAt": 1661880236448,
          "objectId": "Cannibal",
          "quantity": 1
        },
        {
          "lastUpdatedAt": 1661880236448,
          "objectId": "Quentin",
          "quantity": 1
        },
        {
          "lastUpdatedAt": 1661880236448,
          "objectId": "Nightmare",
          "quantity": 1
        },
        {
          "lastUpdatedAt": 1661880236448,
          "objectId": "Eric",
          "quantity": 1
        },
        {
          "lastUpdatedAt": 1661880236448,
          "objectId": "Pig",
          "quantity": 1
        },
        {
          "lastUpdatedAt": 1661880236448,
          "objectId": "Clown",
          "quantity": 1
        },
        {
          "lastUpdatedAt": 1661880236448,
          "objectId": "Adam",
          "quantity": 1
        },
        {
          "lastUpdatedAt": 1661880236448,
          "objectId": "Spirit",
          "quantity": 1
        },
        {
          "lastUpdatedAt": 1661880236448,
          "objectId": "Legion",
          "quantity": 1
        },
        {
          "lastUpdatedAt": 1661880236448,
          "objectId": "Jeff",
          "quantity": 1
        },
        {
          "lastUpdatedAt": 1661880236448,
          "objectId": "Plague",
          "quantity": 1
        },
        {
          "lastUpdatedAt": 1661880236448,
          "objectId": "Jane",
          "quantity": 1
        },
        {
          "lastUpdatedAt": 1661880236448,
          "objectId": "Ash",
          "quantity": 1
        },
        {
          "lastUpdatedAt": 1661880236448,
          "objectId": "Ghostface",
          "quantity": 1
        },
        {
          "lastUpdatedAt": 1661880236448,
          "objectId": "Steve",
          "quantity": 1
        },
        {
          "lastUpdatedAt": 1661880236448,
          "objectId": "Nancy",
          "quantity": 1
        },
        {
          "lastUpdatedAt": 1661880236448,
          "objectId": "Demogorgon",
          "quantity": 1
        },
        {
          "lastUpdatedAt": 1661880236448,
          "objectId": "Oni",
          "quantity": 1
        },
        {
          "lastUpdatedAt": 1661880236448,
          "objectId": "Yui",
          "quantity": 1
        },
        {
          "lastUpdatedAt": 1661880236448,
          "objectId": "Gunslinger",
          "quantity": 1
        },
        {
          "lastUpdatedAt": 1661880236448,
          "objectId": "Zarina",
          "quantity": 1
        },
        {
          "lastUpdatedAt": 1661880236448,
          "objectId": "K20",
          "quantity": 1
        },
        {
          "lastUpdatedAt": 1661880236448,
          "objectId": "S22",
          "quantity": 1
        },
        {
          "lastUpdatedAt": 1661880236448,
          "objectId": "K21",
          "quantity": 1
        },
        {
          "lastUpdatedAt": 1661880236448,
          "objectId": "S23",
          "quantity": 1
        },
        {
          "lastUpdatedAt": 1661880236448,
          "objectId": "K22",
          "quantity": 1
        },
        {
          "lastUpdatedAt": 1661880236448,
          "objectId": "S24",
          "quantity": 1
        },
        {
          "lastUpdatedAt": 1661880236448,
          "objectId": "K23",
          "quantity": 1
        },
        {
          "lastUpdatedAt": 1661880236448,
          "objectId": "S25",
          "quantity": 1
        },
        {
          "lastUpdatedAt": 1661880236448,
          "objectId": "S26",
          "quantity": 1
        },
        {
          "lastUpdatedAt": 1661880236448,
          "objectId": "S27",
          "quantity": 1
        },
        {
          "lastUpdatedAt": 1661880236448,
          "objectId": "K24",
          "quantity": 1
        },
        {
          "lastUpdatedAt": 1661880236448,
          "objectId": "K25",
          "quantity": 1
        },
        {
          "lastUpdatedAt": 1661880236448,
          "objectId": "S28",
          "quantity": 1
        },
        {
          "lastUpdatedAt": 1661880236448,
          "objectId": "S29",
          "quantity": 1
        },
        {
          "lastUpdatedAt": 1661880236448,
          "objectId": "K26",
          "quantity": 1
        },
        {
          "lastUpdatedAt": 1661880236448,
          "objectId": "K27",
          "quantity": 1
        },
        {
          "lastUpdatedAt": 1661880236448,
          "objectId": "S30",
          "quantity": 1
        },
        {
          "lastUpdatedAt": 1661880236448,
          "objectId": "K28",
          "quantity": 1
        },
        {
          "lastUpdatedAt": 1661880236448,
          "objectId": "S31",
          "quantity": 1
        },
        {
          "lastUpdatedAt": 1661880236452,
          "objectId": "K29",
          "quantity": 1
        },
        {
          "lastUpdatedAt": 1661880236452,
          "objectId": "S32",
          "quantity": 1
        },
        {
          "lastUpdatedAt": 1661880236452,
          "objectId": "S33",
          "quantity": 1
        },
        {
          "lastUpdatedAt": 1661880236452,
          "objectId": "K30",
          "quantity": 1
        },
        {
          "lastUpdatedAt": 1661880236452,
          "objectId": "S34",
          "quantity": 1
        }
      ]
    }
  }
