{
    "progress": [
       {
          "step": "step1",
          "completed": true,
          "tutorials": [
             {
                "tutorialId": "survivorTutorial",
                "completed": true,
                "mainRewardClaimed": true
             }
          ]
       },
       {
          "step": "step2",
          "completed": true,
          "tutorials": [
             {
                "tutorialId": "killerTutorial",
                "completed": true,
                "mainRewardClaimed": true
             }
          ]
       },
       {
          "step": "step3",
          "completed": true,
          "tutorials": [
             {
                "tutorialId": "botMatchSurvivor",
                "mainRewardClaimed": true,
                "completed": true
             },
             {
                "tutorialId": "botMatchKiller",
                "mainRewardClaimed": true,
                "completed": true
             }
          ]
       },
       {
          "step": "step4",
          "completed": true,
          "tutorials": [
             {
                "tutorialId": "finalCompletion",
                "completed": true,
                "mainRewardClaimed": true
             }
          ]
       }
    ]
 }